# integ-last-run ledger (update-type: one row per test). cols: test	last_run_iso	result	duration_s	flow	note
#   vp run integ-ledger-normalize
# /pick-integ staleness ranking; the sort is what makes a rebased commit reproduce this
# CI enforces this; a non-normalized file fails check-build-test.
# GENERATED SHAPE - do not hand-edit. After recording a run, run:
# INVARIANT: exactly one row per test, rows sorted by test name. Duplicates break
# file byte-for-byte instead of appending a duplicate row (issue #1112).
acm-certificate	2026-09-25T19:22:55Z	PASS	100	verify.sh	rc ok, orph clean (#3136 PR #3786, post-rebase)
agentcore-tools	2026-09-14T14:50:12Z	PASS	113	verify.sh	#3103 gating: 3 phases ok, 5 deleted 0 err 0 orph
alb	2026-09-25T19:22:55Z	FAIL	221	verify.sh	pre-existing: routing.http.response.server.enabled removal assertion (same as main); destroy clean, 0 orphans (#3786)
alb-advanced	2026-08-20T04:01:13Z	PASS	215	standard	issues 2058/2063: re-run after the round-3 comment edit re-staled integ-destroy (hash: diff digests the delta, so a comment counts). Exercises createLoadBalancer/updateLoadBalancer; deploy rc=0, destroy 17 deleted 0 errors, 0 ALBs / 0 VPCs / 0 NAT gateways / 0 state after. Second clean run of this fixture on the same branch.
api-cognito	2026-08-18T05:09:26Z	PASS	60	standard	#1920 no-MFA-props skip path; 0 errors, 2 RETAIN-by-policy APIGW account singletons
apigateway	2026-09-25T20:09:32Z	PASS	65	verify.sh	rc ok, orph clean (#3136 PR #3793)
apigatewayv2-update-removal	2026-09-25T15:16:49Z	PASS	195	verify.sh	rc ok, orph clean; #3515 mapWithRemovals own-key, tree c067e96b0
apigw-gateway-response	2026-07-31T06:27:45Z	PASS	66	verify.sh	TTL-refresh sweep re-run; 3 phases clean, orph clean
apigw-stage-props	2026-08-11T06:41:16Z	PASS	300	verify.sh	final post-rebase run (Route batch on main); 0 orphans
apigw-stage-throttling	2026-08-11T04:51:55Z	PASS	420	verify.sh	SDK-routed Stage assertions updated (#609); :* ARN normalization fix live-verified
apigw-usage-plan-key	2026-07-26T19:16:39Z	PASS	84	verify.sh	0727b sweep-b9 staleness re-run (rc=0); account clean
appconfig	2026-08-10T05:29:23Z	PASS	69	verify.sh	0810 P2 sweep b8; rc ok, 0 orph
appsync	2026-09-25T23:27:41Z	PASS	190	verify.sh	rc ok, orph clean; #3781 final sha ed7658585, phases 2b/2c; pre-fix probes red at 2b and 2c
asset-auto-create	2026-09-01T14:49:24Z	PASS	300	verify.sh	PR#2398 proxy no-op regression arm 1/6: auto-create+opt-out in ca-central-1, rc 0, 0 orphans (unproxied path byte-identical claim)
asset-bootstrap	2026-09-24T22:46:12Z	PASS	163	verify.sh	rc ok, 0 orphans (#3663); eu-west-1 (other regions carry cdkd markers)
asset-migration	2026-09-22T16:34:06Z	PASS	488	verify.sh	rc 0 in eu-west-1 on b31302d71; us-east-1 refused pre-assertion (live cdkd marker), 0 orphans
aws-custom-resource	2026-08-12T08:12:11Z	PASS	77	verify.sh	#1674 lane; CR invoke path, 4 del/0 err, 0 orph
backup	2026-09-04T17:28:05Z	PASS	248	verify.sh	rc 0, destroy 4 deleted 0 errors, orph clean; 4 phases, both polarities of the stateful guard (#2553)
basic	2026-08-01T10:00:06Z	PASS	81	standard	0801 regression sweep; 2 del/0 err, 0 orphans
batch	2026-07-26T18:43:33Z	PASS	89	standard	0727b sweep-b5 staleness re-run (rc=0); account clean
bedrock-agentcore	2026-08-10T05:19:05Z	PASS	36	standard	0810 P2 sweep b6; 6 del 0 err, 0 orph
bench-ccapi	2026-07-26T18:43:33Z	PASS	89	standard	0727b sweep-b5 staleness re-run (rc=0); account clean
bench-cdk-sample	2026-08-19T18:33:33Z	PASS	424	standard	#2038/#2031 masking lane broad arm; 39 res deploy, 37 del / 2 retained (DeletionPolicy Retain log groups) / 0 err; 3 log groups swept, 0 orphans
bench-sdk	2026-07-26T18:43:33Z	PASS	33	standard	0727b sweep-b5 staleness re-run (rc=0); account clean
bootstrap-free-region	2026-09-01T14:50:59Z	PASS	240	verify.sh	PR#2398 arm 2/6: bootstrap.ts three-client path + region resolution, rc 0, 0 orphans
bucket-deployment	2026-08-12T10:09:17Z	PASS	121	verify.sh	#1687 final; 10 del/0 err, 0 orph
budgets	2026-09-24T22:46:12Z	PASS	53	verify.sh	rc ok, 0 orphans (#3663)
cache-streaming	2026-08-10T04:52:34Z	PASS	527	verify.sh	0810 sweep b4; elasticache-provider re-verify, GetAtt redis endpoint, 0 orph
cc-api-fallback	2026-09-25T09:51:57Z	PASS	40	verify.sh	rc ok, orph clean; sha c6b23156e (#3713)
cc-api-fallback-transitions	2026-09-25T13:23:17Z	PASS	101	verify.sh	rc ok, orph clean; sha 762342a2a (#3718)
cc-getatt-readback	2026-09-19T20:26:58Z	PASS	110	verify.sh	rc ok, orph clean; #1852 stale-attribute heal
cc-protection-flip	2026-09-17T06:56:41Z	PASS	900	verify.sh	rc=0; all 3 phases, CC protection flip over 5 types, 5 deleted 0 errors; orphan scan clean (state/RDS+DocDB global/NeptuneGraph/VerifiedPermissions)
cc-protection-flip-eks	2026-07-31T04:30:02Z	PASS	2300	verify.sh	EKS blocked-destroy + --remove-protection flip (#1315); orph clean
cc-to-sdk-reroute	2026-09-25T09:51:57Z	PASS	126	verify.sh	rc ok, orph clean; sha c6b23156e (#3713)
ci-cd	2026-08-09T14:25:56Z	PASS	57	verify.sh	issue #1386 nested sub-keys asserted live; rc ok, orph clean
cloudfront-function-url	2026-07-31T06:11:38Z	PASS	209	verify.sh	regression run post-#1311/#1318; fire-and-forget create + delete-wait path clean; 7 del/0 err, 0 orphans
cloudtrail-trail	2026-09-24T22:46:12Z	PASS	183	verify.sh	rc ok, 0 orphans (#3663)
cloudwatch	2026-08-13T11:19:53Z	PASS	-	standard	issue 1815 partition ARN builders; rc 0, destroy clean, 0 orphans
cloudwatch-anomaly-detector	2026-08-25T16:16:55Z	PASS	56	verify.sh	third and final run of this lane, against the REBASED shipped code: the fix-delta review round changed drift.ts again (the debug line now passes .stack rather than the Error object, after JSON.stringify on a circular cause was found able to throw out of the per-resource catch at --verbose). Gates go-to-k/cdkd#2151/go-to-k/cdkd#1945/go-to-k/cdkd#2154: create + in-place Configuration update + Phase 2b drift arm + clean destroy, 2 deleted 0 errors 0 orphans, swept independently. The first run of this lane was mutation-probed against real AWS (guard reverted -> arm RED in 48s on UnsupportedActionException ... does not support READ action).
codebuild-project	2026-09-24T22:46:12Z	PASS	79	verify.sh	rc ok, 0 orphans (#3663)
codecommit	2026-09-24T22:46:12Z	PASS	125	verify.sh	rc ok, 0 orphans (#3663)
codedeploy-lambda-deployment-group	2026-07-26T19:45:58Z	PASS	109	verify.sh	re-run after version-agnostic fixture fix; live-verified, account clean (remnant-warning follow-up: issue #1252)
cognito	2026-09-25T19:22:55Z	PASS	245	verify.sh	rc ok, orph clean (#3136 PR #3786, post-rebase)
cognito-custom-attribute-add	2026-09-05T21:47:13Z	PASS	51	verify.sh	PR2662 gate run; 3 phases, destroy 0 errors, 0 orphans
cognito-identity-pool	2026-08-10T11:50:46Z	PASS	45	verify.sh	0810 P0/P1 sweep b1; identity+user pool gone, orph clean
cognito-lambda-triggers	2026-08-10T04:23:28Z	PASS	58	verify.sh	0810 sweep b2; post-#1395 SignInPolicy, triggers fired, 8 del 0 err, 0 orph
cognito-resource-server	2026-08-22T19:12:07Z	PASS	90	verify.sh	issue 2176 masking sweep; rc 0, destroy 0 errors, orphans clean
cognito-userpool-user-ref	2026-07-26T19:16:39Z	PASS	95	verify.sh	0727b sweep-b9 staleness re-run (rc=0); account clean
composite-stack	2026-07-26T18:43:33Z	PASS	39	standard	0727b sweep-b5 staleness re-run (rc=0); account clean
conditions	2026-09-07T16:22:35Z	PASS	30	verify.sh	issue 2748 lane, FINAL tree (rebased onto PR 2742): direct coverage for evaluateConditions; 0 orphans
conditions-and-if	2026-09-08T12:44:00Z	PASS	95	verify.sh	issue #2767 + #2802; Fn::If, evaluateConditions, the resolved-parameters bag and its deploy-engine consumer; 2 deleted 0 errors
conditions-update-2	2026-07-26T19:05:27Z	PASS	83	verify.sh	0727b sweep-b8 staleness re-run (rc=0); account clean
context-test	2026-07-26T18:43:33Z	PASS	24	standard	0727b sweep-b5 staleness re-run (rc=0); account clean
cross-region-concurrent-stacks	2026-09-25T13:49:20Z	PASS	291	verify.sh	rc ok, orph clean; sha 0c502fe99 (#3718, post-rebase)
cross-region-state-bucket	2026-08-01T09:42:37Z	PASS	29	verify.sh	0801 regression sweep; cross-region bucket round-trip ok, temp bucket removed
cross-stack-cfn-fallback	2026-09-25T09:36:54Z	PASS	120	verify.sh	PR 3725 lane: identifier tail display boundaries; rc ok, orph clean
cross-stack-references	2026-08-08T17:48:34Z	PASS	25	standard	marker re-flip after review coercion fix; deploy+destroy clean
cross-stack-secret-import	2026-09-25T11:43:35Z	PASS	400	verify.sh	PR 3726 lane: scrub rotated read-name verdict, rebased onto #3725; rc ok, orph clean
custom-resource-getatt-data	2026-09-19T20:26:58Z	PASS	67	verify.sh	rc ok, orph clean; #1852 stale-attribute heal
custom-resource-noecho-nested	2026-09-26T00:33:50Z	PASS	867	verify.sh	rc ok, orph clean, phases 1-8 (layer readback)
custom-resource-provider	2026-09-25T09:36:54Z	PASS	627	verify.sh	PR 3725 lane: identifier tail display boundaries; rc ok, orph clean
data-analytics	2026-09-25T10:50:52Z	PASS	101	verify.sh	maintainer merge-gate rerun of PR #3720, rc ok, orph clean
data-pipeline	2026-08-10T05:19:05Z	PASS	48	standard	0810 P2 sweep b6; 7 del 0 err, 0 orph
deep-getatt-chains	2026-09-24T18:20:06Z	PASS	65	verify.sh	rc ok, orph clean; PR #3668 head
deletion-ordering-complex	2026-08-13T06:50:48Z	PASS	260	verify.sh	PR 1774; destroy-runner ordering, rc 0, 19 del 0 err, LB/TG/SG/subnet/IGW/VPC/EC2 all gone
deletion-policy-retain	2026-09-05T03:27:04Z	PASS	29	verify.sh	rc0, destroy clean, 0 orphans; PR 2601 gate run
deletion-policy-snapshot	2026-09-24T07:08:06Z	PASS	241	verify.sh	#3455 fix round 2: rc ok, orph clean, no CC DeleteResource for 3 volumes
deletion-policy-snapshot-heavy	2026-08-03T06:58:15Z	PASS	1500	verify.sh	#1353 Redshift+ElastiCache RepGroup pre-delete snapshots verified; found 4 live defects across 5 runs
deployment-events	2026-09-26T00:08:31Z	PASS	40	verify.sh	rc 0, state clean, PR 3800 (run list renders real fields unchanged)
destroy-data-guard	2026-08-02T14:22:57Z	PASS	95	verify.sh	guard fired on guarded pair, opt-ins force-cleaned, 2nd destroy clean, 0 orphans
destroy-interrupt	2026-09-21T12:33:50Z	PASS	373	verify.sh	rc ok, 15 deleted 0 errors, VPC/ENI/SG/role gone, orph clean (#3496: lambda-vpc-deps delete-dep edge keys)
diff-intrinsic-target-change	2026-08-10T06:18:10Z	PASS	46	verify.sh	0810 P2 sweep b12; diff detects GetAtt target rebind, clean destroy
dlm-lifecycle-policy	2026-09-24T22:46:12Z	PASS	109	verify.sh	rc ok, 0 orphans (#3663)
docdb-neptune	2026-09-24T22:46:12Z	PASS	1863	verify.sh	rc ok, 0 orphans (#3663)
docker-image-asset	2026-09-25T09:36:54Z	PASS	88	verify.sh	PR 3725 lane: identifier tail display boundaries; rc ok, orph clean
drift-revert	2026-09-25T20:11:20Z	PASS	180	verify.sh	rc ok, orph clean (#3740 final sha)
drift-revert-arrays	2026-09-25T15:49:51Z	PASS	180	verify.sh	rc ok, orph clean (#3595 lane)
drift-revert-vpc	2026-09-25T16:41:38Z	PASS	277	verify.sh	rc 0, state clean, PR 3787
dsql	2026-07-30T18:11:24Z	PASS	540	verify.sh	4-phase incl. destroy --remove-protection CC flip (#1312); orph clean
dynamic-ref-cross-region	2026-09-25T11:43:35Z	PASS	181	verify.sh	PR 3726 lane: scrub rotated read-name verdict, rebased onto #3725; rc ok, orph clean
dynamodb-autoscaling	2026-09-20T06:14:17Z	PASS	80	verify.sh	rc ok, orph clean; #1782 DynamoDB table provider
dynamodb-globaltable	2026-09-25T20:11:20Z	PASS	1443	verify.sh	rc ok, orph clean (#3740 final sha)
dynamodb-gsi-update	2026-09-25T20:11:20Z	PASS	1298	verify.sh	rc ok, orph clean (#3740 final sha)
dynamodb-ondemand	2026-09-25T20:11:20Z	PASS	261	verify.sh	rc ok, orph clean (#3740 final sha)
dynamodb-sse	2026-09-20T06:14:17Z	PASS	45	verify.sh	rc ok, orph clean; #1782 DynamoDB table provider
dynamodb-stream-filter	2026-09-20T10:56:17Z	PASS	56	verify.sh	rc ok, orph clean; #3458 stream branch restructure
dynamodb-streams	2026-09-20T10:56:17Z	PASS	256	verify.sh	rc ok, orph clean; #3458 stream ResourcePolicy + Tags arms M1-M5; red at M1 on the pre-fix provider
dynamodb-tableclass-switch	2026-09-20T06:14:17Z	PASS	94	verify.sh	rc ok, orph clean; #1782 DynamoDB table provider
dynamodb-ttl-attr-change	2026-09-20T06:14:17Z	PASS	60	verify.sh	rc ok, orph clean; #1782 DynamoDB table provider
ec2-instance	2026-09-25T19:22:55Z	PASS	110	verify.sh	rc ok, orph clean (#3136 PR #3786, post-rebase)
ec2-instance-fanout	2026-07-30T06:24:02Z	PASS	150	verify.sh	new fixture (#1292): 10-inst cold fan-out converged, 13 propagation retries, 0 throttles, 32s deploy
ec2-route-targets	2026-09-25T13:35:54Z	PASS	631	verify.sh	rc ok, orph clean (#3728)
ec2-vpc	2026-07-26T17:21:15Z	PASS	35	standard	issue 1241 fix verified: explicit DESTROY FlowLog LogGroup; 20 deleted 0 retained 0 orphans
ecr	2026-08-10T11:50:46Z	PASS	35	standard	0810 P0/P1 sweep b2; 3 del/0 err, repo gone
ecr-scanning	2026-09-23T23:13:03Z	PASS	69	verify.sh	rc ok, orph clean (#1981 lane)
ecs-bluegreen	2026-08-13T15:11:46Z	PASS	250	verify.sh	#1806 merge run; deploy 24, destroy 24/0, orphans clean
ecs-fargate	2026-09-25T19:22:55Z	PASS	386	verify.sh	rc ok, orph clean (#3136 PR #3786, post-rebase)
ecs-schedule-targets	2026-09-14T21:27:55Z	PASS	83	verify.sh	#3125 gating: GetAtt Vpc.DefaultSecurityGroup consumer; 21 deleted 0 err 0 orph
ecs-service-update-props	2026-08-26T08:19:23Z	PASS	107	verify.sh	issue 1861 lane, final run on the merge-ready tree (3rd: rounds 2 and 3 each edited ecs-provider.ts, which is in integ-destroy's hash:diff scope); both #1861 arms green - removal resets to true/{BOUNDED_PERCENT,50}, never-declared out-of-band false/{COUNT,9} survives a Rollback flip inside the block; destroy 15 deleted 0 errors, 0 orphans
efs-immutable-replacement	2026-09-25T13:49:20Z	PASS	70	verify.sh	rc ok, orph clean; sha 0c502fe99 (#3718, post-rebase)
efs-lambda	2026-07-26T18:36:31Z	PASS	499	standard	0727b sweep-b4 staleness re-run (rc=0); account clean
efs-standalone	2026-09-24T23:20:39Z	PASS	165	verify.sh	rc ok, 0 orphans (#3663, post-rebase re-run)
elasticache-replicationgroup-getatt	2026-09-24T22:46:12Z	PASS	592	verify.sh	rc ok, 0 orphans (#3663)
elbv2-same-name-replacement	2026-09-25T13:23:17Z	PASS	65	verify.sh	rc ok, orph clean; sha 762342a2a (#3718)
emr-cluster	2026-09-24T22:46:12Z	PASS	765	verify.sh	rc ok, 0 orphans (#3663)
emr-instance-configs	2026-09-24T22:46:12Z	PASS	990	verify.sh	rc ok, 0 orphans (#3663)
emr-instance-fleets	2026-09-24T22:46:12Z	PASS	971	verify.sh	rc ok, 0 orphans (#3663)
event-driven	2026-07-26T18:36:31Z	PASS	42	standard	0727b sweep-b4 staleness re-run (rc=0); account clean
eventbridge	2026-09-25T19:22:55Z	PASS	80	verify.sh	rc ok, orph clean (#3136 PR #3786, post-rebase)
eventbridge-api-destination	2026-08-10T04:16:05Z	PASS	66	verify.sh	0810 staleness sweep b1; Connection/ApiDestination GetAtt, 5 del 0 err, 0 orph
eventbridge-archive	2026-07-31T06:21:38Z	PASS	54	verify.sh	TTL-refresh sweep re-run; 3 phases clean, orph clean
eventbridge-input-transformer	2026-08-10T04:16:05Z	PASS	53	verify.sh	0810 staleness sweep b1; post-#1396 ECS target sub-shape, 0 err, 0 orph
eventbridge-pipes	2026-09-25T13:49:20Z	PASS	170	verify.sh	rc ok, orph clean; sha 0c502fe99 (#3718, post-rebase)
eventbridge-scheduler	2026-09-24T22:46:12Z	PASS	58	verify.sh	rc ok, 0 orphans (#3663)
eventbus-policy	2026-09-25T13:23:17Z	PASS	65	verify.sh	rc ok, orph clean; sha 762342a2a (#3718)
eventsourcemapping-race	2026-08-13T16:32:07Z	PASS	89	verify.sh	#1815 partition predicates; ESM create+process+no-orphan destroy, 5 del 0 err 0 orph
export	2026-09-25T16:41:38Z	PASS	236	verify.sh	rc 0, state clean, PR 3787
export-nested-stack	2026-09-25T13:29:32Z	PASS	166	verify.sh	rc 0, state clean, PR 3763
fifo-sqs-event-source	2026-07-27T06:44:00Z	PASS	111	verify.sh	final-tree gate refresh for #1256; destroy 6/0 errors, 0 orphans
fsx-lustre	2026-09-24T22:46:12Z	PASS	895	verify.sh	rc ok, 0 orphans (#3663)
fsx-ontap	2026-08-02T06:33:37Z	PASS	1704	verify.sh	0802 heavy TTL sweep; deploy+update+destroy ok, 0 orphans, no final backup
fsx-openzfs	2026-08-02T05:53:30Z	PASS	1287	verify.sh	0802 heavy TTL sweep; deploy+update+drift+destroy ok; untagged OpenZFS final backup swept (#1113)
fsx-windows	2026-08-02T07:56:26Z	PASS	3895	verify.sh	0802 heavy TTL sweep; AD-joined create+update+delete ok, 0 orphans, no final backup left
full-stack-demo	2026-07-26T18:36:31Z	PASS	41	standard	0727b sweep-b4 staleness re-run (rc=0); account clean
gc-custom-asset-names	2026-08-28T10:39:47Z	PASS	214	verify.sh	issue 2346 lane, site 6 (bootstrap marker). RUN IN eu-west-1, not us-east-1: the fixture correctly refuses a region whose bootstrap marker is not its own, and us-east-1 / ap-northeast-1 / us-west-2 all carry one. Premise 9 marker rows before teardown, then 1 row and 0 noncurrent; control 4 noncurrent lock.json versions survive. 0 errors, 0 orphans, no docker residue.
getatt-fallback-guard	2026-09-19T20:26:58Z	PASS	148	verify.sh	rc ok, orph clean; #1852 stale-attribute heal
getstackoutput-crossregion	2026-09-25T09:36:54Z	PASS	71	verify.sh	PR 3725 lane: identifier tail display boundaries; rc ok, orph clean
glue-securityconfig-replace	2026-09-25T20:09:32Z	PASS	50	verify.sh	rc ok, orph clean (#3136 PR #3793)
glue-update-hardening	2026-09-25T22:05:00Z	PASS	190	verify.sh	rc ok, orph clean (#3740 glue arm, final sha)
iam-access-key	2026-09-25T20:11:20Z	PASS	85	verify.sh	rc ok, orph clean (#3740 final sha)
iam-managed-policy	2026-09-25T19:22:55Z	PASS	35	verify.sh	rc ok, orph clean (#3136 PR #3786, post-rebase)
iam-oidc-provider	2026-07-31T06:25:46Z	PASS	82	verify.sh	TTL-refresh sweep re-run; 3 phases clean, orph clean
iam-propagation-stress	2026-08-19T10:26:57Z	PASS	108	verify.sh	issue 2026: 27 runs; repro captured http=500; fix live-verified after review round 2
iam-role-policies-drift-clean	2026-09-25T15:55:34Z	PASS	86	verify.sh	rc ok, orph clean (#3595 lane)
iam-role-prefixed-name-update	2026-09-25T13:23:17Z	PASS	75	verify.sh	rc ok, orph clean; sha 762342a2a (#3718)
import-attribute-readback	2026-09-24T12:30:44Z	PASS	160	verify.sh	rc ok, orph clean; metadata-update exclusion dropped (#3645)
import-attribute-readback-final	2026-09-25T01:44:41Z	PASS	276	verify.sh	rc ok, orph clean; providers at origin/main: 2 imports failed + all rows wrong
import-attribute-readback-misc	2026-09-24T20:32:58Z	PASS	260	verify.sh	rc ok, orph clean; providers at origin/main FAIL all 7 rows
import-attribute-readback-network	2026-09-24T14:52:27Z	PASS	327	verify.sh	rc ok, orph clean; CFn-written SSM values as oracle
import-attributes	2026-08-10T05:19:05Z	PASS	39	verify.sh	0810 P2 sweep b6; attr reconstruct + destroy clean, 1 del 0 err
import-auto-mode	2026-09-25T10:50:52Z	PASS	85	verify.sh	maintainer merge-gate rerun of PR #3720, rc ok, orph clean
import-deployed-parameter-secret	2026-09-24T08:06:51Z	PASS	311	verify.sh	rc ok, orph clean; #2872 stale-baseline arm (pre-fix probe red at 6c RootPwParam marked)
import-heal-prefix-record	2026-09-25T10:36:04Z	PASS	165	verify.sh	rc ok, orph clean; resolver at origin/main leaves all 4 rows wrong
import-lambda-url-attributes	2026-09-24T09:53:01Z	PASS	115	verify.sh	rc ok, orph clean; pre-fix mutant FAILs at step 4
import-migrate-vpc	2026-09-25T05:37:37Z	PASS	335	verify.sh	rc ok, orph clean; 31 imported 0 failed; VPCCidrBlock recorded as <assoc>|<vpc> (#3672)
import-nested-stack	2026-09-25T13:29:32Z	PASS	142	verify.sh	rc 0, state clean, PR 3763
import-retain-destroy	2026-09-24T12:30:44Z	PASS	65	verify.sh	rc ok, orph clean; import.ts at origin/main deletes the Retain param
import-secret-observed	2026-09-24T08:09:52Z	PASS	145	verify.sh	rc ok, orph clean; #2872 lane
import-value-strong-ref	2026-09-25T21:42:18Z	PASS	140	verify.sh	rc ok, orph clean (#3027 PR #3794)
importvalue-chain	2026-09-15T17:56:40Z	PASS	116	verify.sh	rc ok, 3 stacks destroyed 0 err, exports index purged, orph clean (#3176 review round 2)
infra-security	2026-07-26T18:20:27Z	PASS	186	standard	0727b sweep-b3 staleness re-run (rc=0); account clean
inplace-attr-propagation	2026-07-26T19:25:15Z	PASS	57	verify.sh	0727b sweep-b10 staleness re-run (rc=0); account clean
intrinsic-functions	2026-08-15T00:12:35Z	PASS	20	standard	0 err / 0 orph; resolver change regression check (#1916)
intrinsics-torture	2026-09-24T01:00:58Z	PASS	52	verify.sh	PR #3579; rc ok, destroy 0 errors, orph clean
intrinsics-torture-2	2026-09-24T00:57:33Z	PASS	54	verify.sh	PR #3579; rc ok, destroy 0 errors, orph clean; Ref + FindInMap Fn::Select index arms pass
kinesis-esm-filter	2026-08-10T04:23:28Z	PASS	63	verify.sh	0810 sweep b2; post-#1398 lambda-eventsource re-verify, 5 del 0 err, 0 orph
kinesis-stream-mode-switch	2026-09-25T13:23:17Z	PASS	95	verify.sh	rc ok, orph clean; sha 762342a2a (#3718)
kms-encryption	2026-07-26T18:20:27Z	PASS	25	standard	0727b sweep-b3 staleness re-run (rc=0); account clean
lambda	2026-09-26T00:35:58Z	PASS	105	verify.sh	rc ok, orph clean
lambda-alias-provisioned-concurrency	2026-07-26T19:16:39Z	PASS	262	verify.sh	0727b sweep-b9 staleness re-run (rc=0); account clean
lambda-arch-switch	2026-07-26T19:25:15Z	PASS	63	verify.sh	0727b sweep-b10 staleness re-run (rc=0); account clean
lambda-capacity-provider-default-name	2026-09-16T17:42:36Z	PASS	413	verify.sh	us-east-1, gating the go-to-k/cdkd#3231 merge at afee5469: rc ok, 17 deleted 0 errors, no orphan roles/functions/VPCs/ENIs/instances, state prefix swept to 0 surviving versions against an empty pre-flight. One retry, on the operator-role wording. Ran the PRE-go-to-k/cdkd#3274 single-wording counter, which printed 1 and matched an independent grep -c of the log's Retrying lines; an earlier 16:59:49Z run on the go-to-k/cdkd#3274 branch exercised the NEW per-wording block and printed the same 1 total as 1/0/0
lambda-config-field-removal	2026-08-11T13:09:08Z	PASS	132	verify.sh	issue #609 Lambda 4-prop backfill + review fixes; 5 del 0 err 0 orphans
lambda-destinations	2026-08-10T05:50:57Z	PASS	70	verify.sh	0810 P2 sweep b10; rc ok, 0 orph
lambda-durable-replacement	2026-08-12T03:07:25Z	PASS	300	verify.sh	#1636 re-run after rebase onto #1641; generated-name refusal + --replace fallback, 2 del/0 err
lambda-env-removal	2026-08-10T11:50:46Z	PASS	62	verify.sh	0810 P0/P1 sweep b1; nested-map-key env removal, 3 phases, orph clean
lambda-esm-self-managed-kafka	2026-08-09T04:24:56Z	PASS	215	verify.sh	#1384 enum key + state-spelling inverse asserted; destroy 5 deleted, 0 errors, 0 orphans
lambda-event-invoke-config-update	2026-09-25T20:11:20Z	PASS	86	verify.sh	rc ok, orph clean (#3740 final sha)
lambda-layer-version-update	2026-07-26T21:13:17Z	PASS	82	verify.sh	re-run post review fixes (tab-safe version list); account clean
lambda-log-retention	2026-08-10T05:38:11Z	PASS	69	verify.sh	0810 P2 sweep b9; rc ok, 0 orph
lambda-microvm-image	2026-08-10T06:32:58Z	PASS	533	verify.sh	0810 P2 sweep b11r; 1st attempt blocked by stale local aws-cli 2.34.27 (no lambda-microvms service; cli_auto_prompt crashed non-TTY) - NOT a cdkd bug. PASS after brew upgrade awscli 2.36.19: async create, tag drift revert, --no-wait, 3 del 0 err
lambda-reserved-concurrency	2026-07-26T19:05:27Z	PASS	56	verify.sh	0727b sweep-b8 staleness re-run (rc=0); account clean
lambda-snapstart	2026-07-31T06:37:35Z	PASS	190	verify.sh	fixture fix: version asserts N->N+1 from alias (monotonic counter, was :1/:2 hardcode); re-run clean 4->5, orph clean
lambda-url-authtype-replay	2026-09-25T20:11:20Z	PASS	156	verify.sh	rc ok, orph clean (#3740 final sha)
lambda-versioning	2026-08-10T11:50:46Z	PASS	53	standard	0810 P0/P1 sweep b1; Version/Alias delete order ok, 4 del/0 err
launchtemplate-asg-inplace	2026-09-24T22:46:12Z	PASS	82	verify.sh	rc ok, 0 orphans (#3663)
legacy-bucket-name-fallback	2026-07-26T18:10:48Z	PASS	22	standard	0727b sweep-b2 staleness re-run (rc=0); account clean
legacy-state-migration	2026-07-26T18:10:48Z	PASS	23	standard	0727b sweep-b2 staleness re-run (rc=0); account clean
local-ecs-service-connect	2026-09-24T13:18:12Z	PASS	30	verify.sh	rc ok, docker clean, aws clean; #3597 PR 3654 (cdk-local 0.149.3); DOCKER_CONFIG={} override
local-invoke	2026-09-26T00:27:28Z	PASS	40	verify.sh	rc ok, docker sweep clean, 0 orphans; #2419 PR 3804
local-invoke-agentcore	2026-09-26T00:06:20Z	PASS	125	verify.sh	rc ok, docker sweep clean, 0 orphans; #2419 PR 3804
local-invoke-agentcore-from-state	2026-09-26T00:09:21Z	PASS	85	verify.sh	rc ok, docker sweep clean, 0 orphans; #2419 PR 3804
local-invoke-buildkit	2026-09-26T00:24:47Z	PASS	35	verify.sh	rc ok on rerun, docker clean; first attempt hit an RIE Go-runtime crash under amd64 emulation on arm64 (fatal error: found pointer to free object), unrelated; #2419 PR 3804
local-invoke-container	2026-09-26T00:08:25Z	PASS	35	verify.sh	rc ok, docker sweep clean, 0 orphans; #2419 PR 3804
local-invoke-dotnet	2026-09-26T00:21:13Z	PASS	45	verify.sh	rc ok, docker sweep clean, 0 orphans; #2419 PR 3804
local-invoke-from-cfn-stack	2026-09-26T00:12:36Z	PASS	105	verify.sh	rc ok, docker sweep clean, 0 orphans; #2419 PR 3804
local-invoke-from-cfn-stack-multi-stack	2026-09-26T00:14:21Z	PASS	136	verify.sh	rc ok, docker sweep clean, 0 orphans; #2419 PR 3804
local-invoke-from-state	2026-09-26T00:10:46Z	PASS	110	verify.sh	rc ok, docker sweep clean, 0 orphans; #2419 PR 3804
local-invoke-java	2026-09-26T00:20:38Z	PASS	35	verify.sh	rc ok, docker sweep clean, 0 orphans; #2419 PR 3804
local-invoke-layers	2026-09-26T00:09:00Z	PASS	20	verify.sh	rc ok, docker sweep clean, 0 orphans; #2419 PR 3804
local-invoke-provided	2026-09-26T00:19:48Z	PASS	50	verify.sh	rc ok, docker sweep clean, 0 orphans; #2419 PR 3804
local-invoke-python	2026-09-26T00:16:52Z	PASS	120	verify.sh	rc ok, docker sweep clean, 0 orphans; #2419 PR 3804
local-invoke-ruby	2026-09-26T00:18:52Z	PASS	55	verify.sh	rc ok, docker sweep clean, 0 orphans; #2419 PR 3804
local-run-task	2026-09-25T23:53:54Z	PASS	15	verify.sh	rc ok, docker sweep clean (#1846 PR #3799)
local-run-task-awsvpc	2026-09-25T23:53:54Z	PASS	10	verify.sh	rc ok, docker sweep clean (#1846 PR #3799)
local-run-task-cdkd-assets	2026-09-25T23:53:54Z	PASS	15	verify.sh	rc ok, docker sweep clean (#1846 PR #3799)
local-run-task-from-state	2026-09-25T23:53:54Z	PASS	156	verify.sh	rc ok, docker sweep clean (#1846 PR #3799)
local-run-task-multi-container	2026-09-25T23:53:54Z	PASS	10	verify.sh	rc ok, docker sweep clean (#1846 PR #3799)
local-start-agentcore	2026-09-24T15:26:58Z	PASS	15	verify.sh	rc ok, docker clean (#3652 engine-only containment)
local-start-alb	2026-09-24T15:27:48Z	PASS	25	verify.sh	rc ok, docker clean (#3652 engine-only containment)
local-start-alb-from-state	2026-09-25T05:52:32Z	PASS	187	verify.sh	rc ok, docker sweep clean, 0 orphans (#3698)
local-start-api	2026-09-26T00:21:58Z	PASS	20	verify.sh	rc ok, docker sweep clean, 0 orphans; #2419 PR 3804
local-start-api-container	2026-09-26T00:22:18Z	PASS	15	verify.sh	rc ok, docker sweep clean, 0 orphans; #2419 PR 3804
local-start-api-rest-v1-non-proxy	2026-09-26T00:22:33Z	PASS	20	verify.sh	rc ok, docker sweep clean, 0 orphans; #2419 PR 3804
local-start-api-websocket	2026-09-26T00:22:54Z	PASS	105	verify.sh	rc ok, docker sweep clean, 0 orphans; #2419 PR 3804
local-start-cloudfront	2026-09-24T15:31:24Z	PASS	10	verify.sh	rc ok, docker clean (#3652 engine-only containment)
local-start-service	2026-09-25T05:52:32Z	PASS	91	verify.sh	rc ok, docker sweep clean, 0 orphans (#3698)
local-start-service-watch-fast	2026-09-24T15:31:14Z	PASS	205	verify.sh	rc ok, docker clean (#3652 engine-only containment)
log-pipeline	2026-07-31T07:44:41Z	PASS	95	standard	issue #1326 removalPolicy fix verified: stream deleted on destroy, 0 orphans
loggroup-class-guard	2026-09-24T03:51:15Z	PASS	95	verify.sh	rc ok, orph clean (#3269)
loggroup-kms-associate	2026-09-24T03:51:15Z	PASS	60	verify.sh	rc ok, orph clean (#3269)
loggroup-never-expire-guard	2026-09-06T08:17:58Z	PASS	110	verify.sh	PR2695 gate run; 9 phases incl. new 4b string-retention + 4c observed-only arms, destroy 3 deleted 0 errors, 0 orphans
macro-expansion	2026-09-25T09:36:54Z	PASS	55	verify.sh	PR 3725 lane: identifier tail display boundaries; rc ok, orph clean
microservices	2026-08-13T18:47:41Z	PASS	44	standard	Issue #1874 broad integ at rebased head 133a9660 (merged PR #1884 region fold + PR #1885); 19 created / 19 deleted, 0 errors, 0 orphans
migrate-from-cfn	2026-09-25T13:29:32Z	PASS	362	run.sh	rc 0, state clean, PR 3763
monitoring	2026-08-10T05:19:05Z	PASS	43	standard	0810 P2 sweep b6; 7 del 0 err, 0 orph
multi-asset	2026-09-21T12:02:26Z	PASS	97	verify.sh	rc ok, orph clean; #3489 asset-publish sites (file + docker)
multi-region-same-stack	2026-07-26T18:04:53Z	PASS	22	standard	0727b sweep-b1 staleness re-run (rc=0); account clean
multi-resource	2026-08-15T00:16:55Z	PASS	77	standard	0 err / 0 orph; broad-set regression check for #1916
multi-stack-deps	2026-08-20T13:25:47Z	PASS	66	standard	#2053 on the lane-A+B+peer combined tree (2123/2057 merged under us); --all loop, 0 errors, 0 orphans
nested-required-preflight	2026-09-23T18:43:53Z	PASS	53	verify.sh	rc ok, orph clean (#1802)
nested-stack	2026-09-25T13:49:20Z	PASS	101	verify.sh	rc ok, orph clean; sha 0c502fe99 (#3718, post-rebase)
nested-stack-3level	2026-09-25T13:23:17Z	PASS	170	verify.sh	rc ok, orph clean; sha 762342a2a (#3718)
nested-stack-deep	2026-09-25T09:36:54Z	PASS	121	verify.sh	PR 3725 lane: identifier tail display boundaries; rc ok, orph clean
nested-stack-replace-guard	2026-09-25T14:59:50Z	PASS	55	verify.sh	rc ok, orph clean; pre-fix probe red at the fixture's own assertion
nested-stack-secret	2026-09-25T15:29:55Z	PASS	190	verify.sh	rc ok, orph clean (#3595 lane)
nlb-source-nat	2026-09-05T22:46:07Z	PASS	355	verify.sh	PR2662 gate run; destroy 24 deleted 0 errors, 0 orphans (VPC/ENI clean)
nodejs-function	2026-08-10T05:29:23Z	PASS	50	verify.sh	0810 P2 sweep b8; rc ok, 0 orph
opensearch-domain-getatt	2026-08-10T08:05:51Z	PASS	1798	verify.sh	0810 P2 sweep b13; 60m CC delete floor ok, 0 err 0 orph
orphan-resource	2026-07-26T18:04:53Z	PASS	38	standard	0727b sweep-b1 staleness re-run (rc=0); account clean
output-never-resolved-diff	2026-09-25T11:43:35Z	PASS	200	verify.sh	PR 3726 lane: scrub rotated read-name verdict, rebased onto #3725; rc ok, orph clean
outputs-only-export	2026-09-24T15:24:57Z	PASS	113	verify.sh	rc ok, orph clean (#3658)
parameters	2026-07-26T18:04:53Z	PASS	24	standard	0727b sweep-b1 staleness re-run (rc=0); account clean
propagation-races-2	2026-09-10T09:48:41Z	PASS	116	verify.sh	rc0, 22 deleted/0 err/0 orph; round-2 re-run; edge5 window 0ms (3rd)
raw-cfn-conditions-params	2026-09-07T17:55:55Z	PASS	105	verify.sh	2740 lane: diff/deploy condition parity regression net; rc ok, orph clean
rds-aurora	2026-09-25T19:22:55Z	PASS	1718	verify.sh	rc ok, orph clean (#3136 PR #3786, post-rebase)
rds-dbinstance-backfill	2026-09-24T00:27:58Z	PASS	729	verify.sh	rc ok, orph clean (#1981 lane)
rds-full-stack	2026-09-24T22:46:12Z	PASS	752	verify.sh	rc ok, 0 orphans (#3663)
recreate-mixed-direction	2026-09-25T09:51:57Z	PASS	105	verify.sh	rc ok, orph clean; sha c6b23156e (#3713)
recreate-nested-logical-id-collision	2026-09-24T18:20:06Z	PASS	120	verify.sh	rc ok, orph clean; PR #3668 head
recreate-via-cc-api	2026-09-25T09:51:57Z	PASS	105	verify.sh	rc ok, orph clean; sha c6b23156e (#3713)
recreate-via-sdk-provider	2026-09-25T09:51:57Z	PASS	95	verify.sh	rc ok, orph clean; sha c6b23156e (#3713)
redshift-cluster-getatt	2026-08-10T06:18:10Z	PASS	325	verify.sh	0810 P2 sweep b12; CC GetAtt Endpoint real hostname, 0 orph
remove-protection	2026-09-25T19:22:55Z	PASS	1312	verify.sh	rc ok, orph clean (#3136 PR #3786, post-rebase)
rename-refactor	2026-08-10T05:38:11Z	PASS	101	verify.sh	0810 P2 sweep b9; rc ok, 0 orph
replacement-fanout	2026-09-19T18:00:07Z	PASS	77	verify.sh	rc ok, orph clean; #2668 type-change routing
replacement-immutable-name	2026-09-19T18:00:07Z	PASS	109	verify.sh	rc ok, orph clean; #2668 type-change routing
retain-orphan-redeploy	2026-09-11T12:42:39Z	PASS	128	verify.sh	rc ok, orph clean; phase 8b diff preview added
retain-orphan-secret	2026-09-11T07:14:27Z	PASS	175	verify.sh	rc ok, orph clean; review round 6
rollback-command	2026-09-26T00:11:41Z	PASS	155	verify.sh	rc 0, state + versions clean, PR 3800
rollback-cross-region-secret	2026-09-25T15:33:11Z	PASS	195	verify.sh	rc ok, orph clean (#3595 lane)
rollback-deletion-policy-snapshot	2026-09-24T07:08:06Z	PASS	106	verify.sh	#3455 fix round 2: rc ok, orph clean
rollback-failure-injection	2026-09-19T18:00:07Z	PASS	333	verify.sh	rc ok, orph clean; #2668 type-change routing
rollback-replacement-retain	2026-09-19T18:00:07Z	PASS	65	verify.sh	rc ok, orph clean; #2668 type-change routing
rollback-replay-cc-generated-name	2026-09-25T09:51:48Z	PASS	146	verify.sh	rc ok, orph clean; sha c6b23156e (#3713)
rollback-replay-effective-props	2026-09-25T20:11:20Z	PASS	185	verify.sh	rc ok, orph clean (#3740 final sha)
rollback-sqs-cooldown	2026-09-19T18:00:07Z	PASS	161	verify.sh	rc ok, orph clean; #2668 type-change routing
route53	2026-09-25T19:22:55Z	PASS	406	verify.sh	rc ok, orph clean (#3136 PR #3786, post-rebase)
s3-analytics-inventory	2026-09-25T20:11:20Z	PASS	185	verify.sh	rc ok, orph clean (#3740 final sha)
s3-asset-deploy	2026-09-24T22:46:12Z	PASS	57	verify.sh	rc ok, 0 orphans (#3663)
s3-cloudfront	2026-09-25T19:22:55Z	PASS	250	verify.sh	rc ok, orph clean (#3136 PR #3786, post-rebase)
s3-directory-bucket	2026-09-24T22:46:12Z	PASS	89	verify.sh	rc ok, 0 orphans (#3663)
s3-event-notification	2026-09-25T20:11:20Z	PASS	90	verify.sh	rc ok, orph clean (#3740 final sha)
s3-lifecycle	2026-09-25T20:11:20Z	PASS	351	verify.sh	rc ok, orph clean (#3740 final sha)
s3-object-lock	2026-09-24T06:23:46Z	PASS	60	verify.sh	rc ok, orph clean (#3585)
s3-replication-and-filter	2026-09-24T06:16:12Z	PASS	110	verify.sh	rc ok, orph clean (#3585)
s3-subconfig-removal	2026-09-25T20:11:20Z	PASS	95	verify.sh	rc ok, orph clean (#3740 final sha)
s3-tables	2026-09-25T18:05:55Z	PASS	55	verify.sh	rc ok, 0 orphans (#3771)
s3-vectors	2026-09-24T22:46:12Z	PASS	61	verify.sh	rc ok, 0 orphans (#3663)
scheduled-task	2026-07-26T18:04:53Z	PASS	44	standard	0727b sweep-b1 staleness re-run (rc=0); account clean
scheduler-custom-group	2026-09-25T19:22:55Z	PASS	95	verify.sh	rc ok, orph clean (#3136 PR #3786, post-rebase)
schema-v5-to-v6-migration	2026-08-10T05:24:30Z	PASS	57	verify.sh	0810 P2 sweep b7; v5->v8 transparent auto-upgrade verified, 0 err 0 orph
schema-v6-to-v7-migration	2026-08-10T05:24:30Z	PASS	54	verify.sh	0810 P2 sweep b7; v6->v8 transparent auto-upgrade verified, 0 err 0 orph
schema-v7-to-v8-migration	2026-08-01T09:51:12Z	PASS	92	verify.sh	0801 regression sweep; transparent auto-migration + outputReads ok, 0 orphans
schema-v8-to-v9-migration	2026-09-24T15:24:57Z	FAIL	138	verify.sh	stale fixture: v9 phase expects state.version 9, binary writes 10; AWS clean (#3658, tooling-backlog row)
schema-v9-to-v10-migration	2026-09-25T21:42:18Z	PASS	151	verify.sh	rc ok, orph clean (#3027 PR #3794)
sdk-ccapi-crossref	2026-09-25T09:51:57Z	PASS	115	verify.sh	rc ok, orph clean; sha c6b23156e (#3713)
sdk-to-cc-autoroute	2026-09-25T15:16:49Z	PASS	155	verify.sh	rc ok, orph clean; #3515 json-patch-generator CC patch path, tree c067e96b0
secrets-array-nested	2026-09-25T15:07:30Z	PASS	391	verify.sh	rc ok, orph clean; phase 2r re-capture (#3595); discrimination probe (engine reverted) red at the re-capture assertion
secrets-dynamic-ref	2026-09-25T15:24:48Z	PASS	526	verify.sh	rc ok, orph clean (#3595 lane)
secrets-rotation-schedule	2026-07-26T19:05:27Z	PASS	66	verify.sh	0727b sweep-b8 staleness re-run (rc=0); account clean
secretsmanager-update-value-source	2026-09-25T20:11:20Z	PASS	80	verify.sh	rc ok, orph clean (#3740 final sha)
serverless-api	2026-07-26T19:45:58Z	PASS	58	verify.sh	0727b sweep-b12 staleness re-run (rc=0); account clean
servicediscovery	2026-09-25T20:09:32Z	PASS	116	verify.sh	rc ok, orph clean (#3136 PR #3793)
servicediscovery-namespaces	2026-09-25T20:09:32Z	PASS	130	verify.sh	rc ok, orph clean (#3136 PR #3793)
ses-identity	2026-08-10T10:50:49Z	PASS	180	verify.sh	upstream SES CC 403 resolved; all 3 phases clean (issue #1468)
sg-circular-dependency	2026-09-24T19:02:32Z	PASS	166	verify.sh	#2804 SG wiring drain selects first rejection by time; 3 stacks 19 del 0 err 0 orph
sns-event-source	2026-08-22T19:12:07Z	PASS		verify.sh	issue 2176 masking sweep; rc 0, destroy 0 errors, orphans clean
sns-inline-subscription	2026-09-25T19:22:55Z	PASS	55	verify.sh	rc ok, orph clean (#3136 PR #3786, post-rebase)
sns-pending-subscription	2026-09-17T17:36:20Z	PASS	163	verify.sh	issue 3329 gate pair: confirms Subscribe with ReturnSubscriptionArn=true returns a REAL ARN even for a pending-confirmation subscription (the premise the create-path shape gate rests on); delete-path pending skip fired, destroy 2 deleted 0 errors, 0 orphans
sns-sqs-event	2026-09-25T09:51:48Z	PASS	80	verify.sh	rc ok, orph clean; sha c6b23156e (#3713)
sns-subscription-filter	2026-08-10T05:38:11Z	PASS	39	verify.sh	0810 P2 sweep b9; rc ok, 0 orph
sns-subscription-update	2026-09-17T17:34:54Z	PASS	372	verify.sh	issue 3329: fixture armed with a Fn::GetAtt Arn Output + attributes.Arn assertions, phase 1 under --strict-getatt; both followed the phase-2 replacement (GUID changed). destroy 3 deleted 0 errors, 0 orphans (only deployments/ history remains, by design)
sqs-cloudwatch	2026-08-13T11:19:53Z	PASS	-	standard	issue 1815 partition ARN builders; rc 0, destroy clean, 0 orphans
sqs-esm-max-concurrency	2026-08-10T04:23:28Z	PASS	76	verify.sh	0810 sweep b2; lambda-eventsource re-verify, 5 del 0 err, 0 orph
ssm-secure-dynamic-ref	2026-09-25T18:33:42Z	PASS	155	verify.sh	go-to-k/cdkd#3764 head 172c0fae1: 0 surviving object versions
stack-lock-renewal	2026-09-25T22:24:46Z	PASS	511	verify.sh	rc ok, orph clean; force-unlock path (#3027 PR #3796)
stage-assets	2026-09-25T09:36:54Z	PASS	75	verify.sh	PR 3725 lane: identifier tail display boundaries; rc ok, orph clean
stale-attribute-heal	2026-09-19T20:26:58Z	PASS	62	verify.sh	first run; rc ok, orph clean; red at phase 4 on the pre-#1852 engine
state-destroy	2026-08-13T06:35:09Z	PASS	95	standard	PR 1774 gate; state destroy exit-code path, 1 del 0 err, zero-skip run byte-identical (no skipped suffix), orph clean
state-info-command	2026-09-15T20:40:17Z	PASS	210	verify.sh	rc 0, depth>=1 arm, destroy 1 del 0 err, 3 planted keys 0 versions
stepfunctions	2026-09-24T22:46:12Z	PASS	48	verify.sh	rc ok, 0 orphans (#3663)
stepfunctions-logging	2026-09-09T03:36:24Z	PASS	310	verify.sh	rc 0; 1a 6 log-dest retries, 4a 5 assume-role (+1 log-dest tail); 2 destroys 0 errors (#2801)
stepfunctions-s3-definition	2026-07-26T19:45:58Z	PASS	43	verify.sh	0727b sweep-b12 staleness re-run (rc=0); account clean
synthetics-canary	2026-07-26T19:25:15Z	PASS	144	verify.sh	0727b sweep-b10 staleness re-run (rc=0); account clean
tags-propagation	2026-07-26T18:49:34Z	PASS	63	verify.sh	0727b sweep-b6 staleness re-run (rc=0); account clean
throttle-wide-dag	2026-07-26T19:45:58Z	PASS	186	verify.sh	0727b sweep-b12 staleness re-run (rc=0); account clean
type-change-replacement	2026-09-19T18:00:07Z	PASS	182	verify.sh	first run; rc ok, orph clean; red at step 2 on the pre-#2668 engine
unrecognized-key-autoroute	2026-09-25T10:33:55Z	PASS	105	verify.sh	rc ok, orph clean; sha 9b61a0dd0 (#3713, post-rebase)
update-policy-mutations	2026-09-05T03:27:04Z	PASS	71	verify.sh	rc0, destroy clean, 0 orphans; PR 2601 gate run (property-driven Retain)
update-replace	2026-09-23T17:27:53Z	PASS	82	verify.sh	rc ok, orph clean (#3566 context lookup path)
vpc-lambda	2026-08-10T11:50:46Z	PASS	317	standard	0810 P0/P1 sweep b1; 16 del/0 err, hyperplane ENIs cleared, orph clean
vpc-lambda-cr-race	2026-08-10T06:18:10Z	PASS	302	standard	0810 P2 sweep b12; 0 err 0 orph incl hyperplane ENI
vpc-lookup	2026-08-10T06:01:30Z	PASS	20	standard	0810 P2 sweep b11; context-provider loop ok, 0 err 0 orph
vpc-nat-gateway	2026-09-25T19:22:55Z	PASS	251	verify.sh	rc ok, orph clean (#3136 PR #3786, post-rebase)
wafv2	2026-08-11T03:29:45Z	PASS	240	standard	1544 lane: Scope guard replay-downgrade wiring; destroy 0 err 0 orph
wait-condition-handle	2026-07-31T06:19:56Z	PASS	44	verify.sh	TTL-refresh sweep re-run; rc ok, orph clean
